request_id,source_location_id,destination_location_id,category,urgency,priority,time_submitted,deadline
Q001,L002,L003,General,2,LOW,HIGH,2026-07-01T08:15
Q002,L001,L002,Hazardous,2,LOW,LOW,2026-07-01T08:20
Q003,L010,L001,Hazardous,1,HIGH,LOW,2026-07-01T08:30
Q004,L020,L001,Industrial,3,MEDIUM,MEDIUM,2026-07-01T08:35
Q005,L015,L007,General,3,MEDIUM,MEDIUM,2026-07-01T08:40
Q006,L025,L012,General,1,LOW,LOW,2026-07-01T08:45
Q007,L006,L023,Hazardous,4,HIGH,HIGH,2026-07-01T08:50
Q008,L030,L011,Hazardous,2,HIGH,LOW,2026-07-01T08:55
Q009,L017,L024,Industrial,4,MEDIUM,HIGH,2026-07-01T09:00
Q010,L021,L005,General,5,HIGH,HIGH,2026-07-01T09:05
Q011,L012,L039,General,2,LOW,LOW,2026-07-01T09:10
Q012,L028,L001,Hazardous,3,HIGH,MEDIUM,2026-07-01T09:15
Q013,L035,L020,Industrial,2,MEDIUM,LOW,2026-07-01T09:20
Q014,L044,L006,General,4,HIGH,HIGH,2026-07-01T09:25
Q015,L009,L047,General,1,LOW,LOW,2026-07-01T09:30
Q016,L041,L030,Hazardous,5,HIGH,HIGH,2026-07-01T09:35
Q017,L018,L050,Hazardous,4,HIGH,HIGH,2026-07-01T09:40
Q018,L032,L014,Industrial,3,MEDIUM,MEDIUM,2026-07-01T09:45
Q019,L023,L002,General,2,LOW,LOW,2026-07-01T09:50
Q020,L037,L019,General,4,HIGH,HIGH,2026-07-01T09:55
Q021,L004,L029,Hazardous,1,HIGH,LOW,2026-07-01T10:00
Q022,L026,L045,Industrial,5,MEDIUM,HIGH,2026-07-01T10:05
Q023,L050,L016,General,3,MEDIUM,MEDIUM,2026-07-01T10:10
Q024,L013,L038,General,2,LOW,LOW,2026-07-01T10:15
Q025,L029,L003,Hazardous,4,HIGH,HIGH,2026-07-01T10:20
Q026,L043,L022,Hazardous,2,HIGH,LOW,2026-07-01T10:25
Q027,L016,L040,Industrial,1,MEDIUM,LOW,2026-07-01T10:30
Q028,L031,L008,General,5,HIGH,HIGH,2026-07-01T10:35
Q029,L022,L033,General,3,MEDIUM,MEDIUM,2026-07-01T10:40
Q030,L045,L010,Hazardous,4,HIGH,HIGH,2026-07-01T10:45
Q031,L008,L034,Industrial,2,MEDIUM,LOW,2026-07-01T10:50
Q032,L019,L027,General,1,LOW,LOW,2026-07-01T10:55
Q033,L034,L046,General,5,HIGH,HIGH,2026-07-01T11:00
Q034,L047,L015,Hazardous,3,MEDIUM,MEDIUM,2026-07-01T11:05
Q035,L011,L041,Hazardous,1,HIGH,LOW,2026-07-01T11:10
Q036,L040,L025,Industrial,4,MEDIUM,HIGH,2026-07-01T11:15
Q037,L003,L018,General,2,LOW,LOW,2026-07-01T11:20
Q038,L027,L043,General,4,HIGH,HIGH,2026-07-01T11:25
Q039,L014,L036,Hazardous,3,HIGH,MEDIUM,2026-07-01T11:30
Q040,L036,L048,Industrial,5,MEDIUM,HIGH,2026-07-01T11:35
Q041,L048,L021,General,3,MEDIUM,MEDIUM,2026-07-01T11:40
Q042,L007,L044,General,1,LOW,LOW,2026-07-01T11:45
Q043,L020,L032,Hazardous,2,LOW,LOW,2026-07-01T11:50
Q044,L038,L017,Hazardous,5,HIGH,HIGH,2026-07-01T11:55
Q045,L024,L050,Industrial,3,MEDIUM,MEDIUM,2026-07-01T12:00
Q046,L049,L013,General,4,HIGH,HIGH,2026-07-01T12:05
Q047,L005,L042,General,2,LOW,LOW,2026-07-01T12:10
Q048,L042,L009,Hazardous,1,HIGH,LOW,2026-07-01T12:15
Q049,L010,L035,Industrial,4,MEDIUM,HIGH,2026-07-01T12:20
Q050,L015,L023,General,5,HIGH,HIGH,2026-07-01T12:25
Q051,L025,L037,General,3,MEDIUM,MEDIUM,2026-07-01T12:30
Q052,L033,L004,Hazardous,2,HIGH,LOW,2026-07-01T12:35
Q053,L046,L028,Industrial,1,MEDIUM,LOW,2026-07-01T12:40
Q054,L017,L049,General,4,HIGH,HIGH,2026-07-01T12:45
Q055,L039,L011,General,1,LOW,LOW,2026-07-01T12:50
Q056,L001,L026,Hazardous,3,MEDIUM,MEDIUM,2026-07-01T12:55
Q057,L012,L031,Hazardous,4,HIGH,HIGH,2026-07-01T13:00
Q058,L028,L045,Industrial,5,MEDIUM,HIGH,2026-07-01T13:05
Q059,L021,L006,General,2,LOW,LOW,2026-07-01T13:10
Q060,L044,L019,General,4,HIGH,HIGH,2026-07-01T13:15
Q061,L009,L047,Hazardous,3,HIGH,MEDIUM,2026-07-01T13:20
Q062,L032,L015,Industrial,2,MEDIUM,LOW,2026-07-01T13:25
Q063,L018,L040,General,1,LOW,LOW,2026-07-01T13:30
Q064,L050,L022,General,5,HIGH,HIGH,2026-07-01T13:35
Q065,L026,L003,Hazardous,2,HIGH,LOW,2026-07-01T13:40
Q066,L014,L034,Industrial,4,MEDIUM,HIGH,2026-07-01T13:45
Q067,L037,L008,General,3,MEDIUM,MEDIUM,2026-07-01T13:50
Q068,L043,L029,General,1,LOW,LOW,2026-07-01T13:55
Q069,L005,L020,Hazardous,4,HIGH,HIGH,2026-07-01T14:00
Q070,L030,L016,Hazardous,5,HIGH,HIGH,2026-07-01T14:05
Q071,L041,L024,Industrial,3,MEDIUM,MEDIUM,2026-07-01T14:10
Q072,L022,L010,General,2,LOW,LOW,2026-07-01T14:15
Q073,L016,L038,General,3,MEDIUM,MEDIUM,2026-07-01T14:20
Q074,L035,L001,Hazardous,1,HIGH,LOW,2026-07-01T14:25
Q075,L027,L044,Industrial,4,MEDIUM,HIGH,2026-07-01T14:30
Q076,L048,L013,General,5,HIGH,HIGH,2026-07-01T14:35
Q077,L006,L036,General,2,LOW,LOW,2026-07-01T14:40
Q078,L019,L046,Hazardous,3,HIGH,MEDIUM,2026-07-01T14:45
Q079,L029,L021,Industrial,1,MEDIUM,LOW,2026-07-01T14:50
Q080,L010,L050,General,4,HIGH,HIGH,2026-07-01T14:55
Q081,L023,L017,General,1,LOW,LOW,2026-07-01T15:00
Q082,L034,L041,Hazardous,2,HIGH,LOW,2026-07-01T15:05
Q083,L045,L032,Industrial,5,MEDIUM,HIGH,2026-07-01T15:10
Q084,L011,L027,General,3,MEDIUM,MEDIUM,2026-07-01T15:15
Q085,L040,L009,General,4,HIGH,HIGH,2026-07-01T15:20
Q086,L003,L043,Hazardous,4,HIGH,HIGH,2026-07-01T15:25
Q087,L024,L014,Industrial,2,MEDIUM,LOW,2026-07-01T15:30
Q088,L037,L002,General,1,LOW,LOW,2026-07-01T15:35
Q089,L008,L033,General,3,MEDIUM,MEDIUM,2026-07-01T15:40
Q090,L046,L018,Hazardous,5,HIGH,HIGH,2026-07-01T15:45
Q091,L013,L025,Industrial,4,MEDIUM,HIGH,2026-07-01T15:50
Q092,L021,L049,General,2,LOW,LOW,2026-07-01T15:55
Q093,L042,L006,General,5,HIGH,HIGH,2026-07-01T16:00
Q094,L030,L039,Hazardous,1,HIGH,LOW,2026-07-01T16:05
Q095,L017,L048,Industrial,3,MEDIUM,MEDIUM,2026-07-01T16:10
Q096,L028,L004,General,4,HIGH,HIGH,2026-07-01T16:15
Q097,L009,L031,General,2,LOW,LOW,2026-07-01T16:20
Q098,L036,L023,Hazardous,3,HIGH,MEDIUM,2026-07-01T16:25
Q099,L050,L012,Industrial,5,MEDIUM,HIGH,2026-07-01T16:30
Q100,L015,L042,General,1,LOW,LOW,2026-07-01T16:35
Q101,L002,L031,General,1,LOW,LOW,2026-07-02T08:15
Q102,L014,L045,Hazardous,2,LOW,LOW,2026-07-02T08:20
Q103,L027,L006,Hazardous,3,HIGH,MEDIUM,2026-07-02T08:25
Q104,L039,L018,Industrial,4,MEDIUM,HIGH,2026-07-02T08:30
Q105,L050,L023,General,5,HIGH,HIGH,2026-07-02T08:35
Q106,L011,L037,General,1,LOW,LOW,2026-07-02T08:40
Q107,L024,L009,Hazardous,2,LOW,LOW,2026-07-02T08:45
Q108,L043,L015,Hazardous,3,HIGH,MEDIUM,2026-07-02T08:50
Q109,L018,L041,Industrial,4,MEDIUM,HIGH,2026-07-02T08:55
Q110,L006,L029,General,5,HIGH,HIGH,2026-07-02T09:00
Q111,L035,L012,General,1,LOW,LOW,2026-07-02T09:05
Q112,L022,L048,Hazardous,2,LOW,LOW,2026-07-02T09:10
Q113,L047,L004,Hazardous,3,HIGH,MEDIUM,2026-07-02T09:15
Q114,L009,L033,Industrial,4,MEDIUM,HIGH,2026-07-02T09:20
Q115,L031,L020,General,5,HIGH,HIGH,2026-07-02T09:25
Q116,L016,L044,General,1,LOW,LOW,2026-07-02T09:30
Q117,L028,L007,Hazardous,2,LOW,LOW,2026-07-02T09:35
Q118,L040,L026,Hazardous,3,HIGH,MEDIUM,2026-07-02T09:40
Q119,L013,L038,Industrial,4,MEDIUM,HIGH,2026-07-02T09:45
Q120,L049,L011,General,5,HIGH,HIGH,2026-07-02T09:50
Q121,L004,L036,General,1,LOW,LOW,2026-07-02T09:55
Q122,L025,L019,Hazardous,2,LOW,LOW,2026-07-02T10:00
Q123,L037,L050,Hazardous,3,HIGH,MEDIUM,2026-07-02T10:05
Q124,L008,L042,Industrial,4,MEDIUM,HIGH,2026-07-02T10:10
Q125,L021,L030,General,5,HIGH,HIGH,2026-07-02T10:15
Q126,L044,L017,General,1,LOW,LOW,2026-07-02T10:20
Q127,L030,L005,Hazardous,2,LOW,LOW,2026-07-02T10:25
Q128,L015,L034,Hazardous,3,HIGH,MEDIUM,2026-07-02T10:30
Q129,L041,L022,Industrial,4,MEDIUM,HIGH,2026-07-02T10:35
Q130,L003,L046,General,5,HIGH,HIGH,2026-07-02T10:40
Q131,L019,L028,General,1,LOW,LOW,2026-07-02T10:45
Q132,L046,L013,Hazardous,2,LOW,LOW,2026-07-02T10:50
Q133,L010,L040,Hazardous,3,HIGH,MEDIUM,2026-07-02T10:55
Q134,L034,L021,Industrial,4,MEDIUM,HIGH,2026-07-02T11:00
Q135,L007,L049,General,5,HIGH,HIGH,2026-07-02T11:05
Q136,L029,L016,General,1,LOW,LOW,2026-07-02T11:10
Q137,L042,L027,Hazardous,2,LOW,LOW,2026-07-02T11:15
Q138,L023,L039,Hazardous,3,HIGH,MEDIUM,2026-07-02T11:20
Q139,L048,L008,Industrial,4,MEDIUM,HIGH,2026-07-02T11:25
Q140,L012,L035,General,5,HIGH,HIGH,2026-07-02T11:30
Q141,L038,L024,General,1,LOW,LOW,2026-07-02T11:35
Q142,L005,L043,Hazardous,2,LOW,LOW,2026-07-02T11:40
Q143,L026,L014,Hazardous,3,HIGH,MEDIUM,2026-07-02T11:45
Q144,L017,L032,Industrial,4,MEDIUM,HIGH,2026-07-02T11:50
Q145,L045,L010,General,5,HIGH,HIGH,2026-07-02T11:55
Q146,L032,L047,General,1,LOW,LOW,2026-07-02T12:00
Q147,L020,L006,Hazardous,2,LOW,LOW,2026-07-02T12:05
Q148,L036,L025,Hazardous,3,HIGH,MEDIUM,2026-07-02T12:10
Q149,L011,L018,Industrial,4,MEDIUM,HIGH,2026-07-02T12:15
Q150,L050,L041,General,5,HIGH,HIGH,2026-07-02T12:20
Q151,L009,L034,General,1,LOW,LOW,2026-07-02T12:25
Q152,L024,L016,Hazardous,2,LOW,LOW,2026-07-02T12:30
Q153,L041,L029,Hazardous,3,HIGH,MEDIUM,2026-07-02T12:35
Q154,L013,L047,Industrial,4,MEDIUM,HIGH,2026-07-02T12:40
Q155,L037,L008,General,5,HIGH,HIGH,2026-07-02T12:45
Q156,L002,L045,General,1,LOW,LOW,2026-07-02T12:50
Q157,L018,L031,Hazardous,2,LOW,LOW,2026-07-02T12:55
Q158,L050,L022,Hazardous,3,HIGH,MEDIUM,2026-07-02T13:00
Q159,L030,L011,Industrial,4,MEDIUM,HIGH,2026-07-02T13:05
Q160,L043,L020,General,5,HIGH,HIGH,2026-07-02T13:10
Q161,L015,L039,General,1,LOW,LOW,2026-07-02T13:15
Q162,L027,L004,Hazardous,2,LOW,LOW,2026-07-02T13:20
Q163,L006,L048,Hazardous,3,HIGH,MEDIUM,2026-07-02T13:25
Q164,L034,L017,Industrial,4,MEDIUM,HIGH,2026-07-02T13:30
Q165,L021,L042,General,5,HIGH,HIGH,2026-07-02T13:35
Q166,L046,L025,General,1,LOW,LOW,2026-07-02T13:40
Q167,L011,L038,Hazardous,2,LOW,LOW,2026-07-02T13:45
Q168,L029,L013,Hazardous,3,HIGH,MEDIUM,2026-07-02T13:50
Q169,L048,L036,Industrial,4,MEDIUM,HIGH,2026-07-02T13:55
Q170,L005,L023,General,5,HIGH,HIGH,2026-07-02T14:00
Q171,L019,L050,General,1,LOW,LOW,2026-07-02T14:05
Q172,L040,L007,Hazardous,2,LOW,LOW,2026-07-02T14:10
Q173,L022,L033,Hazardous,3,HIGH,MEDIUM,2026-07-02T14:15
Q174,L035,L014,Industrial,4,MEDIUM,HIGH,2026-07-02T14:20
Q175,L012,L044,General,5,HIGH,HIGH,2026-07-02T14:25
Q176,L047,L019,General,1,LOW,LOW,2026-07-02T14:30
Q177,L008,L026,Hazardous,2,LOW,LOW,2026-07-02T14:35
Q178,L043,L010,Hazardous,3,HIGH,MEDIUM,2026-07-02T14:40
Q179,L016,L041,Industrial,4,MEDIUM,HIGH,2026-07-02T14:45
Q180,L031,L002,General,5,HIGH,HIGH,2026-07-02T14:50
Q181,L025,L037,General,1,LOW,LOW,2026-07-02T14:55
Q182,L038,L021,Hazardous,2,LOW,LOW,2026-07-02T15:00
Q183,L004,L046,Hazardous,3,HIGH,MEDIUM,2026-07-02T15:05
Q184,L020,L030,Industrial,4,MEDIUM,HIGH,2026-07-02T15:10
Q185,L044,L015,General,5,HIGH,HIGH,2026-07-02T15:15
Q186,L014,L040,General,1,LOW,LOW,2026-07-02T15:20
Q187,L049,L028,Hazardous,2,LOW,LOW,2026-07-02T15:25
Q188,L033,L005,Hazardous,3,HIGH,MEDIUM,2026-07-02T15:30
Q189,L007,L024,Industrial,4,MEDIUM,HIGH,2026-07-02T15:35
Q190,L042,L018,General,5,HIGH,HIGH,2026-07-02T15:40
Q191,L010,L043,General,1,LOW,LOW,2026-07-02T15:45
Q192,L023,L012,Hazardous,2,LOW,LOW,2026-07-02T15:50
Q193,L036,L027,Hazardous,3,HIGH,MEDIUM,2026-07-02T15:55
Q194,L017,L049,Industrial,4,MEDIUM,HIGH,2026-07-02T16:00
Q195,L045,L006,General,5,HIGH,HIGH,2026-07-02T16:05
Q196,L028,L035,General,1,LOW,LOW,2026-07-02T16:10
Q197,L003,L022,Hazardous,2,LOW,LOW,2026-07-02T16:15
Q198,L026,L044,Hazardous,3,HIGH,MEDIUM,2026-07-02T16:20
Q199,L039,L016,Industrial,4,MEDIUM,HIGH,2026-07-02T16:25
Q200,L001,L032,General,5,HIGH,HIGH,2026-07-02T16:30
Q201,L032,L009,General,1,LOW,LOW,2026-07-02T16:35
Q202,L017,L043,Hazardous,2,LOW,LOW,2026-07-02T16:40
Q203,L044,L028,Hazardous,3,HIGH,MEDIUM,2026-07-02T16:45
Q204,L006,L035,Industrial,4,MEDIUM,HIGH,2026-07-02T16:50
Q205,L021,L014,General,5,HIGH,HIGH,2026-07-02T16:55
Q206,L049,L023,General,1,LOW,LOW,2026-07-02T17:00
Q207,L013,L041,Hazardous,2,LOW,LOW,2026-07-02T17:05
Q208,L038,L007,Hazardous,3,HIGH,MEDIUM,2026-07-02T17:10
Q209,L025,L046,Industrial,4,MEDIUM,HIGH,2026-07-02T17:15
Q210,L004,L019,General,5,HIGH,HIGH,2026-07-02T17:20
Q211,L029,L050,General,1,LOW,LOW,2026-07-02T17:25
Q212,L041,L012,Hazardous,2,LOW,LOW,2026-07-02T17:30
Q213,L018,L034,Hazardous,3,HIGH,MEDIUM,2026-07-02T17:35
Q214,L047,L026,Industrial,4,MEDIUM,HIGH,2026-07-02T17:40
Q215,L010,L045,General,5,HIGH,HIGH,2026-07-02T17:45
Q216,L023,L039,General,1,LOW,LOW,2026-07-02T17:50
Q217,L035,L008,Hazardous,2,LOW,LOW,2026-07-02T17:55
Q218,L002,L031,Hazardous,3,HIGH,MEDIUM,2026-07-02T18:00
Q219,L043,L017,Industrial,4,MEDIUM,HIGH,2026-07-02T18:05
Q220,L014,L042,General,5,HIGH,HIGH,2026-07-02T18:10
Q221,L027,L005,General,1,LOW,LOW,2026-07-02T18:15
Q222,L040,L024,Hazardous,2,LOW,LOW,2026-07-02T18:20
Q223,L012,L036,Hazardous,3,HIGH,MEDIUM,2026-07-02T18:25
Q224,L031,L020,Industrial,4,MEDIUM,HIGH,2026-07-02T18:30
Q225,L048,L013,General,5,HIGH,HIGH,2026-07-02T18:35
Q226,L005,L047,General,1,LOW,LOW,2026-07-02T18:40
Q227,L022,L029,Hazardous,2,LOW,LOW,2026-07-02T18:45
Q228,L037,L016,Hazardous,3,HIGH,MEDIUM,2026-07-02T18:50
Q229,L009,L044,Industrial,4,MEDIUM,HIGH,2026-07-02T18:55
Q230,L050,L027,General,5,HIGH,HIGH,2026-07-02T19:00
Q231,L016,L038,General,1,LOW,LOW,2026-07-02T19:05
Q232,L034,L011,Hazardous,2,LOW,LOW,2026-07-02T19:10
Q233,L020,L049,Hazardous,3,HIGH,MEDIUM,2026-07-02T19:15
Q234,L046,L003,Industrial,4,MEDIUM,HIGH,2026-07-02T19:20
Q235,L011,L025,General,5,HIGH,HIGH,2026-07-02T19:25
Q236,L028,L040,General,1,LOW,LOW,2026-07-02T19:30
Q237,L042,L018,Hazardous,2,LOW,LOW,2026-07-02T19:35
Q238,L007,L033,Hazardous,3,HIGH,MEDIUM,2026-07-02T19:40
Q239,L019,L030,Industrial,4,MEDIUM,HIGH,2026-07-02T19:45
Q240,L045,L006,General,5,HIGH,HIGH,2026-07-02T19:50
Q241,L003,L021,General,1,LOW,LOW,2026-07-02T19:55
Q242,L026,L048,Hazardous,2,LOW,LOW,2026-07-02T20:00
Q243,L039,L014,Hazardous,3,HIGH,MEDIUM,2026-07-02T20:05
Q244,L015,L037,Industrial,4,MEDIUM,HIGH,2026-07-02T20:10
Q245,L033,L022,General,5,HIGH,HIGH,2026-07-02T20:15
Q246,L008,L043,General,1,LOW,LOW,2026-07-02T20:20
Q247,L024,L010,Hazardous,2,LOW,LOW,2026-07-02T20:25
Q248,L036,L005,Hazardous,3,HIGH,MEDIUM,2026-07-02T20:30
Q249,L013,L032,Industrial,4,MEDIUM,HIGH,2026-07-02T20:35
Q250,L041,L027,General,5,HIGH,HIGH,2026-07-02T20:40
Q251,L020,L046,General,1,LOW,LOW,2026-07-02T20:45
Q252,L037,L012,Hazardous,2,LOW,LOW,2026-07-02T20:50
Q253,L005,L041,Hazardous,3,HIGH,MEDIUM,2026-07-02T20:55
Q254,L028,L017,Industrial,4,MEDIUM,HIGH,2026-07-02T21:00
Q255,L049,L009,General,5,HIGH,HIGH,2026-07-02T21:05
Q256,L014,L034,General,1,LOW,LOW,2026-07-02T21:10
Q257,L043,L025,Hazardous,2,LOW,LOW,2026-07-02T21:15
Q258,L031,L007,Hazardous,3,HIGH,MEDIUM,2026-07-02T21:20
Q259,L018,L044,Industrial,4,MEDIUM,HIGH,2026-07-02T21:25
Q260,L002,L039,General,5,HIGH,HIGH,2026-07-02T21:30
Q261,L024,L011,General,1,LOW,LOW,2026-07-02T21:35
Q262,L040,L029,Hazardous,2,LOW,LOW,2026-07-02T21:40
Q263,L016,L048,Hazardous,3,HIGH,MEDIUM,2026-07-02T21:45
Q264,L033,L020,Industrial,4,MEDIUM,HIGH,2026-07-02T21:50
Q265,L047,L006,General,5,HIGH,HIGH,2026-07-02T21:55
Q266,L011,L035,General,1,LOW,LOW,2026-07-02T22:00
Q267,L026,L043,Hazardous,2,LOW,LOW,2026-07-02T22:05
Q268,L038,L014,Hazardous,3,HIGH,MEDIUM,2026-07-02T22:10
Q269,L009,L031,Industrial,4,MEDIUM,HIGH,2026-07-02T22:15
Q270,L045,L018,General,5,HIGH,HIGH,2026-07-02T22:20
Q271,L003,L027,General,1,LOW,LOW,2026-07-02T22:25
Q272,L021,L050,Hazardous,2,LOW,LOW,2026-07-02T22:30
Q273,L044,L016,Hazardous,3,HIGH,MEDIUM,2026-07-02T22:35
Q274,L013,L040,Industrial,4,MEDIUM,HIGH,2026-07-02T22:40
Q275,L030,L022,General,5,HIGH,HIGH,2026-07-02T22:45
Q276,L008,L037,General,1,LOW,LOW,2026-07-02T22:50
Q277,L019,L005,Hazardous,2,LOW,LOW,2026-07-02T22:55
Q278,L035,L024,Hazardous,3,HIGH,MEDIUM,2026-07-02T23:00
Q279,L042,L013,Industrial,4,MEDIUM,HIGH,2026-07-02T23:05
Q280,L027,L046,General,5,HIGH,HIGH,2026-07-02T23:10
Q281,L012,L032,General,1,LOW,LOW,2026-07-02T23:15
Q282,L048,L009,Hazardous,2,LOW,LOW,2026-07-02T23:20
Q283,L006,L028,Hazardous,3,HIGH,MEDIUM,2026-07-02T23:25
Q284,L023,L041,Industrial,4,MEDIUM,HIGH,2026-07-02T23:30
Q285,L039,L017,General,5,HIGH,HIGH,2026-07-02T23:35
Q286,L015,L043,General,1,LOW,LOW,2026-07-02T23:40
Q287,L034,L021,Hazardous,2,LOW,LOW,2026-07-02T23:45
Q288,L050,L011,Hazardous,3,HIGH,MEDIUM,2026-07-02T23:50
Q289,L029,L038,Industrial,4,MEDIUM,HIGH,2026-07-02T23:55
Q290,L010,L026,General,5,HIGH,HIGH,2026-07-03T00:00
Q291,L041,L003,General,1,LOW,LOW,2026-07-03T00:05
Q292,L022,L045,Hazardous,2,LOW,LOW,2026-07-03T00:10
Q293,L007,L019,Hazardous,3,HIGH,MEDIUM,2026-07-03T00:15
Q294,L036,L030,Industrial,4,MEDIUM,HIGH,2026-07-03T00:20
Q295,L004,L048,General,5,HIGH,HIGH,2026-07-03T00:25
Q296,L017,L012,General,1,LOW,LOW,2026-07-03T00:30
Q297,L025,L039,Hazardous,2,LOW,LOW,2026-07-03T00:35
Q298,L043,L006,Hazardous,3,HIGH,MEDIUM,2026-07-03T00:40
Q299,L031,L024,Industrial,4,MEDIUM,HIGH,2026-07-03T00:45
Q300,L049,L020,General,5,HIGH,HIGH,2026-07-03T00:50
